USUARIO;DATA;INICIO_RECARGA;FIM_RECARGA;ENERGIA_KWH;DURACAO;VALOR_TOTAL_DA_RECARGA;VALOR_CAPTURADO;VALOR_A_SER_CAPTURADO;ID;ID_DO_CONECTOR;TIPO_DO_CONECTOR;POTENCIA_DO_CONECTOR_KW;TIPO_DE_DESBLOQUEIO;ID_DA_ESTACAO;ELETROPOSTO;CIDADE;UF;CPO_ID;eMSP_ID
User 1000;18/06/2024;01:49;01:49;0.00;;R$ 0.00;R$ 00.00;R$ 0.00;8fe41461-6240-43f2-8510-b96f08aa7958;2;Conector 2 - TYPE2CCS;60.00;Cartão;025826ed-6095-4ed8-8da2-a4afc7ef3177;Estação Eldorado do Sul;Eldorado do Sul;RS;equatorial;equatorial
User 1000;18/06/2024;00:56;01:48;33.00;;R$ 00.00;R$ 00.00;R$ 00.00;d0276ee5-29b9-471e-9106-ff2f7253e542;2;Conector 2 - TYPE2CCS;60.00;Cartão;025826ed-6095-4ed8-8da2-a4afc7ef3177;Estação Eldorado do Sul;Eldorado do Sul;RS;equatorial;equatorial
User 1000;18/06/2024;00:16;00:51;4.08;;R$ 00.00;R$ 00.00;R$ 00.00;529a747a-3637-44a8-b8d7-5f892dde5a51;1;Conector 1 - TYPE2;44.00;Cartão;025826ed-6095-4ed8-8da2-a4afc7ef3177;Estação Eldorado do Sul;Eldorado do Sul;RS;equatorial;equatorial
User 1000;18/06/2024;00:10;00:55;26.05;;R$ 00.00;R$ 00.00;R$ 00.00;a9d86fff-2d9f-41c4-9353-5cc2446828a1;2;Conector 2 - TYPE2CCS;60.00;Cartão;025826ed-6095-4ed8-8da2-a4afc7ef3177;Estação Eldorado do Sul;Eldorado do Sul;RS;equatorial;equatorial
User 1000;17/06/2024;23:40;23:51;1.23;;R$ 00.00;R$ 00.00;R$ 00.00;195e49b5-9969-448a-aafc-d5f7453a4fc2;1;Conector 1 - TYPE2;44.00;Cartão;025826ed-6095-4ed8-8da2-a4afc7ef3177;Estação Eldorado do Sul;Eldorado do Sul;RS;equatorial;equatorial
User 1000;17/06/2024;23:10;00:10;40.23;;R$ 00.00;R$ 00.00;R$ 00.00;660c73cf-96c8-4062-bb21-b5de5d82bd5b;2;Conector 2 - TYPE2CCS;60.00;Cartão;025826ed-6095-4ed8-8da2-a4afc7ef3177;Estação Eldorado do Sul;Eldorado do Sul;RS;equatorial;equatorial
User 1000;17/06/2024;22:59;23:09;3.61;;R$ 00.00;R$ 00.00;R$ 00.00;b8699d89-5bc0-4ea2-8cd0-1e5ab93d4c11;2;Conector 2 - TYPE2CCS;60.00;Cartão;025826ed-6095-4ed8-8da2-a4afc7ef3177;Estação Eldorado do Sul;Eldorado do Sul;RS;equatorial;equatorial
User 1000;17/06/2024;22:52;23:10;1.97;;R$ 00.00;R$ 00.00;R$ 00.00;c152d1b7-faa5-4754-b1e4-1f5fc4436df9;1;Conector 1 - TYPE2;44.00;Cartão;025826ed-6095-4ed8-8da2-a4afc7ef3177;Estação Eldorado do Sul;Eldorado do Sul;RS;equatorial;equatorial
User 1000;17/06/2024;22:38;22:56;4.80;;R$ 00.00;R$ 00.00;R$ 00.00;cf3940be-233d-42e8-8bf9-4cc961adda4b;2;Conector 2 - TYPE2CCS;60.00;Cartão;025826ed-6095-4ed8-8da2-a4afc7ef3177;Estação Eldorado do Sul;Eldorado do Sul;RS;equatorial;equatorial
User 1000;17/06/2024;22:03;22:38;6.01;;R$ 00.00;R$ 00.00;R$ 00.00;67ed5f38-3797-4ca1-9d3f-12f9765a829f;1;Conector 1 - TYPE2;44.00;Cartão;025826ed-6095-4ed8-8da2-a4afc7ef3177;Estação Eldorado do Sul;Eldorado do Sul;RS;equatorial;equatorial
User 1000;17/06/2024;21:41;22:37;29.52;;R$ 00.00;R$ 00.00;R$ 00.00;2da68734-1e71-495e-a170-8d29362fab48;2;Conector 2 - TYPE2CCS;60.00;Cartão;025826ed-6095-4ed8-8da2-a4afc7ef3177;Estação Eldorado do Sul;Eldorado do Sul;RS;equatorial;equatorial
User 1000;17/06/2024;21:40;21:40;0.00;;R$ 0.00;R$ 00.00;R$ 0.00;f5c760de-6df2-4994-b354-f242bab3dbe4;2;Conector 2 - TYPE2CCS;60.00;Cartão;025826ed-6095-4ed8-8da2-a4afc7ef3177;Estação Eldorado do Sul;Eldorado do Sul;RS;equatorial;equatorial
User 1000;17/06/2024;21:26;21:41;1.72;;R$ 00.00;R$ 00.00;R$ 00.00;7f3df13e-dbb8-4218-8f48-1ac02886ead0;1;Conector 1 - TYPE2;44.00;Cartão;025826ed-6095-4ed8-8da2-a4afc7ef3177;Estação Eldorado do Sul;Eldorado do Sul;RS;equatorial;equatorial
User 1000;17/06/2024;21:18;21:40;5.34;;R$ 00.00;R$ 00.00;R$ 00.00;1db4c184-f518-4cd9-b175-1943292e8fd0;2;Conector 2 - TYPE2CCS;60.00;Cartão;025826ed-6095-4ed8-8da2-a4afc7ef3177;Estação Eldorado do Sul;Eldorado do Sul;RS;equatorial;equatorial
User 1000;17/06/2024;20:01;21:16;13.03;;R$ 00.00;R$ 00.00;R$ 00.00;4f15d32b-9508-42cc-8e53-048b684a4cd0;1;Conector 1 - TYPE2;44.00;Cartão;025826ed-6095-4ed8-8da2-a4afc7ef3177;Estação Eldorado do Sul;Eldorado do Sul;RS;equatorial;equatorial
User 1000;17/06/2024;20:00;21:16;62.99;;R$ 00.00;R$ 00.00;R$ 00.00;1a991254-ce30-438a-bd4c-aa7c7b906601;2;Conector 2 - TYPE2CCS;60.00;Cartão;025826ed-6095-4ed8-8da2-a4afc7ef3177;Estação Eldorado do Sul;Eldorado do Sul;RS;equatorial;equatorial
User 1000;17/06/2024;18:31;19:09;0.00;;R$ 0.00;R$ 00.00;R$ 0.00;5842e21a-6e6f-4a0a-8399-7f49b6ef6765;2;Conector 2 - TYPE2CCS;60.00;Cartão;025826ed-6095-4ed8-8da2-a4afc7ef3177;Estação Eldorado do Sul;Eldorado do Sul;RS;equatorial;equatorial
User 1000;17/06/2024;18:09;18:30;3.86;;R$ 00.00;R$ 00.00;R$ 00.00;ac52d339-3eb5-4c45-b290-f99d0006be28;1;Conector 1 - TYPE2;44.00;Cartão;025826ed-6095-4ed8-8da2-a4afc7ef3177;Estação Eldorado do Sul;Eldorado do Sul;RS;equatorial;equatorial
User 1000;17/06/2024;17:43;18:30;31.87;;R$ 00.00;R$ 00.00;R$ 00.00;b7c3ec8b-5959-4017-afb1-ba6ca53f5a3b;2;Conector 2 - TYPE2CCS;60.00;Cartão;025826ed-6095-4ed8-8da2-a4afc7ef3177;Estação Eldorado do Sul;Eldorado do Sul;RS;equatorial;equatorial
User 1000;17/06/2024;16:32;17:13;27.67;;R$ 00.00;R$ 00.00;R$ 00.00;c437f77d-5b12-4637-bef0-9e64b6c8c3c4;2;Conector 2 - TYPE2CCS;60.00;Cartão;025826ed-6095-4ed8-8da2-a4afc7ef3177;Estação Eldorado do Sul;Eldorado do Sul;RS;equatorial;equatorial
User 1000;17/06/2024;16:11;16:32;3.40;;R$ 00.00;R$ 00.00;R$ 00.00;3b7cd913-7d83-44f0-95a7-d264d67be1ed;1;Conector 1 - TYPE2;44.00;Cartão;025826ed-6095-4ed8-8da2-a4afc7ef3177;Estação Eldorado do Sul;Eldorado do Sul;RS;equatorial;equatorial
User 1000;17/06/2024;15:51;16:31;22.58;;R$ 00.00;R$ 00.00;R$ 00.00;ddd8e3a3-21a9-481d-ab21-c8404f244873;2;Conector 2 - TYPE2CCS;60.00;Cartão;025826ed-6095-4ed8-8da2-a4afc7ef3177;Estação Eldorado do Sul;Eldorado do Sul;RS;equatorial;equatorial
User 1000;17/06/2024;14:58;15:51;6.17;;R$ 00.00;R$ 00.00;R$ 00.00;06d8bf9d-5199-4b89-8148-5a989d4dc996;1;Conector 1 - TYPE2;44.00;Cartão;025826ed-6095-4ed8-8da2-a4afc7ef3177;Estação Eldorado do Sul;Eldorado do Sul;RS;equatorial;equatorial
User 1000;17/06/2024;14:49;15:50;41.50;;R$ 00.00;R$ 00.00;R$ 00.00;a68fef4a-9634-4804-94b3-87f2872f1b87;2;Conector 2 - TYPE2CCS;60.00;Cartão;025826ed-6095-4ed8-8da2-a4afc7ef3177;Estação Eldorado do Sul;Eldorado do Sul;RS;equatorial;equatorial
User 1000;17/06/2024;13:37;14:07;5.21;;R$ 00.00;R$ 00.00;R$ 00.00;e841d692-d2a2-423a-9bc2-873575b190bd;1;Conector 1 - TYPE2;44.00;Cartão;025826ed-6095-4ed8-8da2-a4afc7ef3177;Estação Eldorado do Sul;Eldorado do Sul;RS;equatorial;equatorial
User 1000;17/06/2024;13:29;14:19;31.37;;R$ 00.00;R$ 00.00;R$ 00.00;865d8c93-efc5-4d4b-b92d-19a9f7297252;2;Conector 2 - TYPE2CCS;60.00;Cartão;025826ed-6095-4ed8-8da2-a4afc7ef3177;Estação Eldorado do Sul;Eldorado do Sul;RS;equatorial;equatorial
User 1000;17/06/2024;13:29;13:29;0.00;;R$ 0.00;R$ 00.00;R$ 0.00;e35f5583-eae0-4270-8111-e16814f45ba6;2;Conector 2 - TYPE2CCS;60.00;Cartão;025826ed-6095-4ed8-8da2-a4afc7ef3177;Estação Eldorado do Sul;Eldorado do Sul;RS;equatorial;equatorial
User 1000;17/06/2024;13:10;13:27;2.01;;R$ 00.00;R$ 00.00;R$ 00.00;aeb038da-8313-414c-91f6-e99a41ff9bb1;1;Conector 1 - TYPE2;44.00;Cartão;025826ed-6095-4ed8-8da2-a4afc7ef3177;Estação Eldorado do Sul;Eldorado do Sul;RS;equatorial;equatorial
User 1000;17/06/2024;12:28;13:27;41.78;;R$ 00.00;R$ 00.00;R$ 00.00;a6c0a7c1-c7f6-47cf-86a7-09b17ec62d9e;2;Conector 2 - TYPE2CCS;60.00;Cartão;025826ed-6095-4ed8-8da2-a4afc7ef3177;Estação Eldorado do Sul;Eldorado do Sul;RS;equatorial;equatorial
User 1000;17/06/2024;11:24;12:27;41.16;;R$ 00.00;R$ 00.00;R$ 00.00;99148a12-d14c-4338-a186-2db3336d6404;2;Conector 2 - TYPE2CCS;60.00;Cartão;025826ed-6095-4ed8-8da2-a4afc7ef3177;Estação Eldorado do Sul;Eldorado do Sul;RS;equatorial;equatorial
User 1000;17/06/2024;11:00;11:22;2.63;;R$ 00.00;R$ 00.00;R$ 00.00;8336f358-6d99-4872-ba7a-3ed4a06de576;1;Conector 1 - TYPE2;44.00;Cartão;025826ed-6095-4ed8-8da2-a4afc7ef3177;Estação Eldorado do Sul;Eldorado do Sul;RS;equatorial;equatorial
User 1000;17/06/2024;10:45;11:24;21.50;;R$ 00.00;R$ 00.00;R$ 00.00;3ab946c6-3951-4d9a-b86e-cc3bc0c43e04;2;Conector 2 - TYPE2CCS;60.00;Cartão;025826ed-6095-4ed8-8da2-a4afc7ef3177;Estação Eldorado do Sul;Eldorado do Sul;RS;equatorial;equatorial
User 1000;17/06/2024;10:30;10:38;6.60;;R$ 00.00;R$ 00.00;R$ 00.00;a661a47e-6038-4b8e-aa7f-9404cfe34ca7;2;Conector 2 - TYPE2CCS;60.00;Cartão;025826ed-6095-4ed8-8da2-a4afc7ef3177;Estação Eldorado do Sul;Eldorado do Sul;RS;equatorial;equatorial
User 1000;17/06/2024;06:26;06:47;11.62;;R$ 00.00;R$ 00.00;R$ 00.00;9313547b-b68d-442d-b9ed-6e96de297452;2;Conector 2 - TYPE2CCS;60.00;Cartão;025826ed-6095-4ed8-8da2-a4afc7ef3177;Estação Eldorado do Sul;Eldorado do Sul;RS;equatorial;equatorial
User 1000;17/06/2024;04:29;05:25;42.68;;R$ 00.00;R$ 00.00;R$ 00.00;94f48033-c437-4521-a478-fda53a399e51;2;Conector 2 - TYPE2CCS;60.00;Cartão;025826ed-6095-4ed8-8da2-a4afc7ef3177;Estação Eldorado do Sul;Eldorado do Sul;RS;equatorial;equatorial
User 1000;17/06/2024;00:08;00:57;29.72;;R$ 00.00;R$ 00.00;R$ 00.00;2d8d3ccd-05a2-4ce9-9afe-8db3ca5e567c;2;Conector 2 - TYPE2CCS;60.00;Cartão;025826ed-6095-4ed8-8da2-a4afc7ef3177;Estação Eldorado do Sul;Eldorado do Sul;RS;equatorial;equatorial
User 1000;16/06/2024;23:40;00:07;17.44;;R$ 00.00;R$ 00.00;R$ 00.00;fbfd4c33-f799-4126-9284-f5a9c37fb176;2;Conector 2 - TYPE2CCS;60.00;Cartão;025826ed-6095-4ed8-8da2-a4afc7ef3177;Estação Eldorado do Sul;Eldorado do Sul;RS;equatorial;equatorial
User 1000;16/06/2024;23:18;23:40;2.43;;R$ 00.00;R$ 00.00;R$ 00.00;5530039f-af6f-4bd2-97ea-91975349c78b;1;Conector 1 - TYPE2;44.00;Cartão;025826ed-6095-4ed8-8da2-a4afc7ef3177;Estação Eldorado do Sul;Eldorado do Sul;RS;equatorial;equatorial
User 1000;16/06/2024;22:50;23:40;30.31;;R$ 00.00;R$ 00.00;R$ 00.00;89683077-261c-4377-946b-dbc6c7e13788;2;Conector 2 - TYPE2CCS;60.00;Cartão;025826ed-6095-4ed8-8da2-a4afc7ef3177;Estação Eldorado do Sul;Eldorado do Sul;RS;equatorial;equatorial
User 1000;16/06/2024;22:49;22:49;0.00;;R$ 0.00;R$ 00.00;R$ 0.00;0d77d015-29ad-428d-8b26-7e444e003311;2;Conector 2 - TYPE2CCS;60.00;Cartão;025826ed-6095-4ed8-8da2-a4afc7ef3177;Estação Eldorado do Sul;Eldorado do Sul;RS;equatorial;equatorial
User 1000;16/06/2024;22:04;22:49;34.51;;R$ 00.00;R$ 00.00;R$ 00.00;d0aaa648-4cb4-4852-9686-efd21bc342f7;2;Conector 2 - TYPE2CCS;60.00;Cartão;025826ed-6095-4ed8-8da2-a4afc7ef3177;Estação Eldorado do Sul;Eldorado do Sul;RS;equatorial;equatorial
User 1000;16/06/2024;21:33;22:01;3.25;;R$ 00.00;R$ 00.00;R$ 00.00;588a65a6-5706-405f-bffc-d8792ed8fd21;1;Conector 1 - TYPE2;44.00;Cartão;025826ed-6095-4ed8-8da2-a4afc7ef3177;Estação Eldorado do Sul;Eldorado do Sul;RS;equatorial;equatorial
User 1000;16/06/2024;20:57;22:01;45.49;;R$ 00.00;R$ 00.00;R$ 00.00;daa2c34c-2e1b-4366-84a4-f5d1c4efcdc5;2;Conector 2 - TYPE2CCS;60.00;Cartão;025826ed-6095-4ed8-8da2-a4afc7ef3177;Estação Eldorado do Sul;Eldorado do Sul;RS;equatorial;equatorial
User 1000;16/06/2024;15:44;16:25;22.17;;R$ 00.00;R$ 00.00;R$ 00.00;c5fa0c83-d9df-4974-bf37-329cd52cce34;2;Conector 2 - TYPE2CCS;60.00;Cartão;025826ed-6095-4ed8-8da2-a4afc7ef3177;Estação Eldorado do Sul;Eldorado do Sul;RS;equatorial;equatorial
User 1000;16/06/2024;14:47;15:43;6.41;;R$ 00.00;R$ 00.00;R$ 00.00;c5c0a427-8652-4e43-8fe7-2d16acf5c9d0;1;Conector 1 - TYPE2;44.00;Cartão;025826ed-6095-4ed8-8da2-a4afc7ef3177;Estação Eldorado do Sul;Eldorado do Sul;RS;equatorial;equatorial
User 1000;16/06/2024;14:46;15:43;43.11;;R$ 00.00;R$ 00.00;R$ 00.00;edb261e6-ef3c-4986-8dae-5efbe37272aa;2;Conector 2 - TYPE2CCS;60.00;Cartão;025826ed-6095-4ed8-8da2-a4afc7ef3177;Estação Eldorado do Sul;Eldorado do Sul;RS;equatorial;equatorial
User 1000;16/06/2024;13:50;14:45;9.44;;R$ 00.00;R$ 00.00;R$ 00.00;6374c9c1-ff3d-4e57-ab03-bb60291e2bdb;1;Conector 1 - TYPE2;44.00;Cartão;025826ed-6095-4ed8-8da2-a4afc7ef3177;Estação Eldorado do Sul;Eldorado do Sul;RS;equatorial;equatorial
User 1000;16/06/2024;13:48;14:44;31.19;;R$ 00.00;R$ 00.00;R$ 00.00;ec79a0d0-b777-429c-9f1f-f0c445dacd37;2;Conector 2 - TYPE2CCS;60.00;Cartão;025826ed-6095-4ed8-8da2-a4afc7ef3177;Estação Eldorado do Sul;Eldorado do Sul;RS;equatorial;equatorial
User 1000;16/06/2024;13:39;13:48;1.00;;R$ 00.00;R$ 00.00;R$ 00.00;7e35cd0b-a9e5-4c8e-9e9a-486ca3902e91;1;Conector 1 - TYPE2;44.00;Cartão;025826ed-6095-4ed8-8da2-a4afc7ef3177;Estação Eldorado do Sul;Eldorado do Sul;RS;equatorial;equatorial
User 1000;16/06/2024;12:57;13:48;25.75;;R$ 00.00;R$ 00.00;R$ 00.00;f153d89b-35db-4f4e-9f98-6d909c4c7076;2;Conector 2 - TYPE2CCS;60.00;Cartão;025826ed-6095-4ed8-8da2-a4afc7ef3177;Estação Eldorado do Sul;Eldorado do Sul;RS;equatorial;equatorial
User 1000;16/06/2024;12:09;12:57;5.55;;R$ 00.00;R$ 00.00;R$ 00.00;adee9f9a-2564-422f-993a-c7298125dac1;1;Conector 1 - TYPE2;44.00;Cartão;025826ed-6095-4ed8-8da2-a4afc7ef3177;Estação Eldorado do Sul;Eldorado do Sul;RS;equatorial;equatorial
User 1000;16/06/2024;12:09;12:55;28.55;;R$ 00.00;R$ 00.00;R$ 00.00;610dde58-f1f8-4246-afdd-fe4dfb47bd9a;2;Conector 2 - TYPE2CCS;60.00;Cartão;025826ed-6095-4ed8-8da2-a4afc7ef3177;Estação Eldorado do Sul;Eldorado do Sul;RS;equatorial;equatorial
User 1000;16/06/2024;11:52;12:07;12.26;;R$ 00.00;R$ 00.00;R$ 00.00;383548f3-4d5c-423f-8bfd-15cce6592ebb;2;Conector 2 - TYPE2CCS;60.00;Cartão;025826ed-6095-4ed8-8da2-a4afc7ef3177;Estação Eldorado do Sul;Eldorado do Sul;RS;equatorial;equatorial
User 1000;16/06/2024;06:00;06:41;24.78;;R$ 00.00;R$ 00.00;R$ 00.00;765d13f2-815e-4a52-a774-7b8c4041d3f6;2;Conector 2 - TYPE2CCS;60.00;Cartão;025826ed-6095-4ed8-8da2-a4afc7ef3177;Estação Eldorado do Sul;Eldorado do Sul;RS;equatorial;equatorial
User 1000;16/06/2024;03:55;04:50;38.10;;R$ 00.00;R$ 00.00;R$ 00.00;d5b3b989-be40-4e60-98f4-c00d72d2c572;2;Conector 2 - TYPE2CCS;60.00;Cartão;025826ed-6095-4ed8-8da2-a4afc7ef3177;Estação Eldorado do Sul;Eldorado do Sul;RS;equatorial;equatorial
User 1000;16/06/2024;02:39;03:24;35.97;;R$ 00.00;R$ 00.00;R$ 00.00;175efa30-4f8d-4477-906d-166e3deba2f4;2;Conector 2 - TYPE2CCS;60.00;Cartão;025826ed-6095-4ed8-8da2-a4afc7ef3177;Estação Eldorado do Sul;Eldorado do Sul;RS;equatorial;equatorial
User 1000;16/06/2024;02:27;08:58;22.52;;R$ 00.00;R$ 00.00;R$ 00.00;d9b44602-e3c9-4553-b654-82f0f1e71d10;1;Conector 1 - TYPE2;44.00;Cartão;025826ed-6095-4ed8-8da2-a4afc7ef3177;Estação Eldorado do Sul;Eldorado do Sul;RS;equatorial;equatorial
User 1000;16/06/2024;01:34;02:21;34.28;;R$ 00.00;R$ 00.00;R$ 00.00;934308b5-b062-46b1-894d-0bef185281ee;2;Conector 2 - TYPE2CCS;60.00;Cartão;025826ed-6095-4ed8-8da2-a4afc7ef3177;Estação Eldorado do Sul;Eldorado do Sul;RS;equatorial;equatorial
User 1000;16/06/2024;01:02;01:33;5.71;;R$ 00.00;R$ 00.00;R$ 00.00;f20228f5-0af9-4303-bdbb-c4394c88c6f2;1;Conector 1 - TYPE2;44.00;Cartão;025826ed-6095-4ed8-8da2-a4afc7ef3177;Estação Eldorado do Sul;Eldorado do Sul;RS;equatorial;equatorial
User 1000;16/06/2024;00:46;00:56;1.11;;R$ 00.00;R$ 00.00;R$ 00.00;cb6d9463-07d3-4178-b559-29b2e81cff37;1;Conector 1 - TYPE2;44.00;Cartão;025826ed-6095-4ed8-8da2-a4afc7ef3177;Estação Eldorado do Sul;Eldorado do Sul;RS;equatorial;equatorial
User 1000;16/06/2024;00:28;01:34;46.34;;R$ 00.00;R$ 00.00;R$ 00.00;c9ab29c8-2536-4b24-b495-e68679049e02;2;Conector 2 - TYPE2CCS;60.00;Cartão;025826ed-6095-4ed8-8da2-a4afc7ef3177;Estação Eldorado do Sul;Eldorado do Sul;RS;equatorial;equatorial
User 1000;15/06/2024;23:20;00:03;21.21;;R$ 00.00;R$ 00.00;R$ 00.00;31f390e7-ab29-4738-8266-c15ba212a666;2;Conector 2 - TYPE2CCS;60.00;Cartão;025826ed-6095-4ed8-8da2-a4afc7ef3177;Estação Eldorado do Sul;Eldorado do Sul;RS;equatorial;equatorial
User 1000;15/06/2024;22:28;23:20;6.02;;R$ 00.00;R$ 00.00;R$ 00.00;baf93ec7-4807-4bbf-8ea8-6b13440b50ce;1;Conector 1 - TYPE2;44.00;Cartão;025826ed-6095-4ed8-8da2-a4afc7ef3177;Estação Eldorado do Sul;Eldorado do Sul;RS;equatorial;equatorial
User 1000;15/06/2024;22:22;23:19;38.29;;R$ 00.00;R$ 00.00;R$ 00.00;b2a89048-e601-44b2-892f-9a23f803d2b1;2;Conector 2 - TYPE2CCS;60.00;Cartão;025826ed-6095-4ed8-8da2-a4afc7ef3177;Estação Eldorado do Sul;Eldorado do Sul;RS;equatorial;equatorial
User 1000;15/06/2024;21:16;22:14;38.23;;R$ 00.00;R$ 00.00;R$ 00.00;42f7348e-abfe-4ea9-9f41-5df7e60f33d5;2;Conector 2 - TYPE2CCS;60.00;Cartão;025826ed-6095-4ed8-8da2-a4afc7ef3177;Estação Eldorado do Sul;Eldorado do Sul;RS;equatorial;equatorial
User 1000;15/06/2024;20:32;21:15;40.51;;R$ 00.00;R$ 00.00;R$ 00.00;110ce610-cfd4-48b8-ad79-f0b18b51d437;2;Conector 2 - TYPE2CCS;60.00;Cartão;025826ed-6095-4ed8-8da2-a4afc7ef3177;Estação Eldorado do Sul;Eldorado do Sul;RS;equatorial;equatorial
User 1000;15/06/2024;19:28;20:30;41.64;;R$ 00.00;R$ 00.00;R$ 00.00;788981a0-e794-4043-81d4-3572e8b0aa4b;2;Conector 2 - TYPE2CCS;60.00;Cartão;025826ed-6095-4ed8-8da2-a4afc7ef3177;Estação Eldorado do Sul;Eldorado do Sul;RS;equatorial;equatorial
User 1000;15/06/2024;19:14;19:27;1.54;;R$ 00.00;R$ 00.00;R$ 00.00;4e8feac5-fb86-40f4-a72b-72a24bc9f631;1;Conector 1 - TYPE2;44.00;Cartão;025826ed-6095-4ed8-8da2-a4afc7ef3177;Estação Eldorado do Sul;Eldorado do Sul;RS;equatorial;equatorial
User 1000;15/06/2024;18:17;19:28;25.00;;R$ 00.00;R$ 00.00;R$ 00.00;cad7775a-5c3c-4a8a-a27e-77a12b7bc239;2;Conector 2 - TYPE2CCS;60.00;Cartão;025826ed-6095-4ed8-8da2-a4afc7ef3177;Estação Eldorado do Sul;Eldorado do Sul;RS;equatorial;equatorial
User 1000;15/06/2024;18:16;18:16;0.00;;R$ 0.00;R$ 00.00;R$ 0.00;704b9b7e-9e55-48b9-a24f-7ab158bc24ba;2;Conector 2 - TYPE2CCS;60.00;Cartão;025826ed-6095-4ed8-8da2-a4afc7ef3177;Estação Eldorado do Sul;Eldorado do Sul;RS;equatorial;equatorial
User 1000;15/06/2024;18:15;18:15;0.00;;R$ 0.00;R$ 00.00;R$ 0.00;79bce763-20ea-4314-abfc-04363f01a985;2;Conector 2 - TYPE2CCS;60.00;Cartão;025826ed-6095-4ed8-8da2-a4afc7ef3177;Estação Eldorado do Sul;Eldorado do Sul;RS;equatorial;equatorial
User 1000;15/06/2024;17:15;17:49;26.23;;R$ 00.00;R$ 00.00;R$ 00.00;105a1e7a-5118-4d4f-8573-9243b82b5a1c;2;Conector 2 - TYPE2CCS;60.00;Cartão;025826ed-6095-4ed8-8da2-a4afc7ef3177;Estação Eldorado do Sul;Eldorado do Sul;RS;equatorial;equatorial
User 1000;15/06/2024;16:16;17:11;37.30;;R$ 00.00;R$ 00.00;R$ 00.00;617b43c0-771b-42fd-af21-0e19cac696f7;2;Conector 2 - TYPE2CCS;60.00;Cartão;025826ed-6095-4ed8-8da2-a4afc7ef3177;Estação Eldorado do Sul;Eldorado do Sul;RS;equatorial;equatorial
User 1000;15/06/2024;15:39;16:13;16.02;;R$ 00.00;R$ 00.00;R$ 00.00;67494ef6-5986-4252-8c36-cf53c510d3cc;2;Conector 2 - TYPE2CCS;60.00;Cartão;025826ed-6095-4ed8-8da2-a4afc7ef3177;Estação Eldorado do Sul;Eldorado do Sul;RS;equatorial;equatorial
User 1000;15/06/2024;15:05;18:11;19.25;;R$ 00.00;R$ 00.00;R$ 00.00;dbccd011-cb72-4fe1-be67-ff424b159ab9;1;Conector 1 - TYPE2;44.00;Cartão;025826ed-6095-4ed8-8da2-a4afc7ef3177;Estação Eldorado do Sul;Eldorado do Sul;RS;equatorial;equatorial
User 1000;15/06/2024;15:04;15:37;18.41;;R$ 00.00;R$ 00.00;R$ 00.00;ec5ea0cd-4a6a-4b41-9e80-5d7ca28fe295;2;Conector 2 - TYPE2CCS;60.00;Cartão;025826ed-6095-4ed8-8da2-a4afc7ef3177;Estação Eldorado do Sul;Eldorado do Sul;RS;equatorial;equatorial
User 1000;15/06/2024;15:03;15:04;0.00;;R$ 0.00;R$ 00.00;R$ 0.00;766238d1-8224-4a4f-9461-3cc3ceef48c1;2;Conector 2 - TYPE2CCS;60.00;Cartão;025826ed-6095-4ed8-8da2-a4afc7ef3177;Estação Eldorado do Sul;Eldorado do Sul;RS;equatorial;equatorial
User 1000;15/06/2024;13:56;14:49;34.48;;R$ 00.00;R$ 00.00;R$ 00.00;416b268f-2295-49c6-aeba-d516442509cc;2;Conector 2 - TYPE2CCS;60.00;Cartão;025826ed-6095-4ed8-8da2-a4afc7ef3177;Estação Eldorado do Sul;Eldorado do Sul;RS;equatorial;equatorial
User 1000;15/06/2024;13:00;13:55;28.98;;R$ 00.00;R$ 00.00;R$ 00.00;9b949130-ae55-4185-a09f-da390a689c54;2;Conector 2 - TYPE2CCS;60.00;Cartão;025826ed-6095-4ed8-8da2-a4afc7ef3177;Estação Eldorado do Sul;Eldorado do Sul;RS;equatorial;equatorial
User 1000;15/06/2024;12:13;12:57;29.94;;R$ 00.00;R$ 00.00;R$ 00.00;4a5b7781-f116-4b2a-a1f6-9a840888e31f;2;Conector 2 - TYPE2CCS;60.00;Cartão;025826ed-6095-4ed8-8da2-a4afc7ef3177;Estação Eldorado do Sul;Eldorado do Sul;RS;equatorial;equatorial
User 1000;15/06/2024;09:29;14:59;19.25;;R$ 00.00;R$ 00.00;R$ 00.00;bae85ad2-5e79-454b-aebc-6c4f6d775e84;1;Conector 1 - TYPE2;44.00;Cartão;025826ed-6095-4ed8-8da2-a4afc7ef3177;Estação Eldorado do Sul;Eldorado do Sul;RS;equatorial;equatorial
User 1000;15/06/2024;08:36;10:12;42.84;;R$ 00.00;R$ 00.00;R$ 00.00;cdfdde91-2e40-4b90-8e6b-fdb7877042fa;2;Conector 2 - TYPE2CCS;60.00;Cartão;025826ed-6095-4ed8-8da2-a4afc7ef3177;Estação Eldorado do Sul;Eldorado do Sul;RS;equatorial;equatorial
User 1000;15/06/2024;08:34;08:35;0.00;;R$ 0.00;R$ 00.00;R$ 0.00;c38c1631-5ed0-4e26-824d-536c01bd0730;2;Conector 2 - TYPE2CCS;60.00;Cartão;025826ed-6095-4ed8-8da2-a4afc7ef3177;Estação Eldorado do Sul;Eldorado do Sul;RS;equatorial;equatorial
User 1000;15/06/2024;07:45;07:47;0.15;;R$ 00.00;R$ 00.00;R$ 00.00;552a7aad-daa5-4643-bd46-e895272cbcbe;2;Conector 2 - TYPE2CCS;60.00;Cartão;025826ed-6095-4ed8-8da2-a4afc7ef3177;Estação Eldorado do Sul;Eldorado do Sul;RS;equatorial;equatorial
User 1000;15/06/2024;07:39;07:45;0.71;;R$ 00.00;R$ 00.00;R$ 00.00;7336f003-503e-4eef-9a0e-947d507a78e4;1;Conector 1 - TYPE2;44.00;Cartão;025826ed-6095-4ed8-8da2-a4afc7ef3177;Estação Eldorado do Sul;Eldorado do Sul;RS;equatorial;equatorial
User 1000;15/06/2024;06:55;07:39;25.75;;R$ 00.00;R$ 00.00;R$ 00.00;2e5e2b3d-f219-42cd-a085-33b66402086f;2;Conector 2 - TYPE2CCS;60.00;Cartão;025826ed-6095-4ed8-8da2-a4afc7ef3177;Estação Eldorado do Sul;Eldorado do Sul;RS;equatorial;equatorial
User 1000;15/06/2024;04:56;05:52;36.31;;R$ 00.00;R$ 00.00;R$ 00.00;36be4da5-e747-47bd-ad4c-7ab35ffaeb2f;2;Conector 2 - TYPE2CCS;60.00;Cartão;025826ed-6095-4ed8-8da2-a4afc7ef3177;Estação Eldorado do Sul;Eldorado do Sul;RS;equatorial;equatorial
User 1000;15/06/2024;04:00;04:54;34.68;;R$ 00.00;R$ 00.00;R$ 00.00;11e43094-3f2b-4986-af4b-634880813e32;2;Conector 2 - TYPE2CCS;60.00;Cartão;025826ed-6095-4ed8-8da2-a4afc7ef3177;Estação Eldorado do Sul;Eldorado do Sul;RS;equatorial;equatorial
User 1000;14/06/2024;22:18;23:02;21.53;;R$ 00.00;R$ 00.00;R$ 00.00;ecc4fa19-41db-4ae7-a050-b0f3bd134d09;2;Conector 2 - TYPE2CCS;60.00;Cartão;025826ed-6095-4ed8-8da2-a4afc7ef3177;Estação Eldorado do Sul;Eldorado do Sul;RS;equatorial;equatorial
User 1000;14/06/2024;21:50;22:16;2.88;;R$ 00.00;R$ 00.00;R$ 00.00;def08920-e1f7-41bb-ad25-aad5047606fe;1;Conector 1 - TYPE2;44.00;Cartão;025826ed-6095-4ed8-8da2-a4afc7ef3177;Estação Eldorado do Sul;Eldorado do Sul;RS;equatorial;equatorial
User 1000;14/06/2024;21:11;22:15;43.91;;R$ 00.00;R$ 00.00;R$ 00.00;97ba312d-6963-4ddd-ba39-53817198626e;2;Conector 2 - TYPE2CCS;60.00;Cartão;025826ed-6095-4ed8-8da2-a4afc7ef3177;Estação Eldorado do Sul;Eldorado do Sul;RS;equatorial;equatorial
User 1000;14/06/2024;20:32;21:07;25.34;;R$ 00.00;R$ 00.00;R$ 00.00;c95f9013-4ee1-4538-8e31-3416dde15422;2;Conector 2 - TYPE2CCS;60.00;Cartão;025826ed-6095-4ed8-8da2-a4afc7ef3177;Estação Eldorado do Sul;Eldorado do Sul;RS;equatorial;equatorial
User 1000;14/06/2024;19:36;20:30;9.15;;R$ 00.00;R$ 00.00;R$ 00.00;74978cc4-844e-4409-86f9-d5992cb42798;1;Conector 1 - TYPE2;44.00;Cartão;025826ed-6095-4ed8-8da2-a4afc7ef3177;Estação Eldorado do Sul;Eldorado do Sul;RS;equatorial;equatorial
User 1000;14/06/2024;19:34;20:30;43.76;;R$ 00.00;R$ 00.00;R$ 00.00;fa17228f-4377-43b0-afb1-d3c4a4edbd97;2;Conector 2 - TYPE2CCS;60.00;Cartão;025826ed-6095-4ed8-8da2-a4afc7ef3177;Estação Eldorado do Sul;Eldorado do Sul;RS;equatorial;equatorial
User 1000;14/06/2024;19:00;19:33;5.85;;R$ 00.00;R$ 00.00;R$ 00.00;e320fd15-09c4-4f0f-b86c-75274f84466e;1;Conector 1 - TYPE2;44.00;Cartão;025826ed-6095-4ed8-8da2-a4afc7ef3177;Estação Eldorado do Sul;Eldorado do Sul;RS;equatorial;equatorial
User 1000;14/06/2024;18:53;19:33;25.56;;R$ 00.00;R$ 00.00;R$ 00.00;32104301-5b69-4d08-95f9-653dd4f7cc3f;2;Conector 2 - TYPE2CCS;60.00;Cartão;025826ed-6095-4ed8-8da2-a4afc7ef3177;Estação Eldorado do Sul;Eldorado do Sul;RS;equatorial;equatorial
User 1000;14/06/2024;17:50;18:53;10.94;;R$ 00.00;R$ 00.00;R$ 00.00;98e47dae-1332-4739-8316-dce18d4857a6;1;Conector 1 - TYPE2;44.00;Cartão;025826ed-6095-4ed8-8da2-a4afc7ef3177;Estação Eldorado do Sul;Eldorado do Sul;RS;equatorial;equatorial
User 1000;14/06/2024;17:49;18:53;43.61;;R$ 00.00;R$ 00.00;R$ 00.00;5627394f-811d-4e75-9afb-8088b1055069;2;Conector 2 - TYPE2CCS;60.00;Cartão;025826ed-6095-4ed8-8da2-a4afc7ef3177;Estação Eldorado do Sul;Eldorado do Sul;RS;equatorial;equatorial
User 1000;14/06/2024;17:17;17:48;3.44;;R$ 00.00;R$ 00.00;R$ 00.00;af89039c-94e2-4936-a352-7364754fe6d6;1;Conector 1 - TYPE2;44.00;Cartão;025826ed-6095-4ed8-8da2-a4afc7ef3177;Estação Eldorado do Sul;Eldorado do Sul;RS;equatorial;equatorial
User 1000;14/06/2024;17:10;17:47;22.81;;R$ 00.00;R$ 00.00;R$ 00.00;31aa853d-dacf-4274-9f6e-d77bdd0ebcda;2;Conector 2 - TYPE2CCS;60.00;Cartão;025826ed-6095-4ed8-8da2-a4afc7ef3177;Estação Eldorado do Sul;Eldorado do Sul;RS;equatorial;equatorial
User 1000;14/06/2024;16:12;17:03;32.32;;R$ 00.00;R$ 00.00;R$ 00.00;27692a5e-1fd2-4956-be93-b4a7b8720b72;2;Conector 2 - TYPE2CCS;60.00;Cartão;025826ed-6095-4ed8-8da2-a4afc7ef3177;Estação Eldorado do Sul;Eldorado do Sul;RS;equatorial;equatorial
User 1000;14/06/2024;15:01;16:10;54.35;;R$ 00.00;R$ 00.00;R$ 00.00;06f284ab-544a-49ad-a6fd-df74831ca2ac;2;Conector 2 - TYPE2CCS;60.00;Cartão;025826ed-6095-4ed8-8da2-a4afc7ef3177;Estação Eldorado do Sul;Eldorado do Sul;RS;equatorial;equatorial
User 1000;14/06/2024;14:02;14:59;39.94;;R$ 00.00;R$ 00.00;R$ 00.00;87c02ab7-a5dc-4adb-868f-6404391f6446;2;Conector 2 - TYPE2CCS;60.00;Cartão;025826ed-6095-4ed8-8da2-a4afc7ef3177;Estação Eldorado do Sul;Eldorado do Sul;RS;equatorial;equatorial
User 1000;14/06/2024;13:06;14:00;29.47;;R$ 00.00;R$ 00.00;R$ 00.00;1989148b-48b0-404b-9181-1d001fb977b0;2;Conector 2 - TYPE2CCS;60.00;Cartão;025826ed-6095-4ed8-8da2-a4afc7ef3177;Estação Eldorado do Sul;Eldorado do Sul;RS;equatorial;equatorial
User 1000;14/06/2024;12:52;16:33;24.91;;R$ 00.00;R$ 00.00;R$ 00.00;aa8d7873-c415-441a-bb8c-6b01eda501c7;1;Conector 1 - TYPE2;44.00;Cartão;025826ed-6095-4ed8-8da2-a4afc7ef3177;Estação Eldorado do Sul;Eldorado do Sul;RS;equatorial;equatorial
User 1000;14/06/2024;12:37;13:04;23.21;;R$ 00.00;R$ 00.00;R$ 00.00;da076d74-e985-4d9d-976f-66fc8eaad07c;2;Conector 2 - TYPE2CCS;60.00;Cartão;025826ed-6095-4ed8-8da2-a4afc7ef3177;Estação Eldorado do Sul;Eldorado do Sul;RS;equatorial;equatorial
User 1000;14/06/2024;11:45;12:36;39.19;;R$ 00.00;R$ 00.00;R$ 00.00;1dd6820b-bbd2-48ea-bc2f-518419533228;2;Conector 2 - TYPE2CCS;60.00;Cartão;025826ed-6095-4ed8-8da2-a4afc7ef3177;Estação Eldorado do Sul;Eldorado do Sul;RS;equatorial;equatorial
User 1000;14/06/2024;11:25;11:32;3.57;;R$ 00.00;R$ 00.00;R$ 00.00;f604093f-4351-45fb-b55e-1da3f8cf91b6;2;Conector 2 - TYPE2CCS;60.00;Cartão;025826ed-6095-4ed8-8da2-a4afc7ef3177;Estação Eldorado do Sul;Eldorado do Sul;RS;equatorial;equatorial
User 1000;14/06/2024;08:20;08:53;14.73;;R$ 00.00;R$ 00.00;R$ 00.00;fb1f9123-ee2c-4465-a1a6-3bc78c75c0f6;2;Conector 2 - TYPE2CCS;60.00;Cartão;025826ed-6095-4ed8-8da2-a4afc7ef3177;Estação Eldorado do Sul;Eldorado do Sul;RS;equatorial;equatorial
User 1000;14/06/2024;07:42;08:17;17.17;;R$ 00.00;R$ 00.00;R$ 00.00;c8aec3f9-9bb8-4b11-ab0d-04d0ee390f71;2;Conector 2 - TYPE2CCS;60.00;Cartão;025826ed-6095-4ed8-8da2-a4afc7ef3177;Estação Eldorado do Sul;Eldorado do Sul;RS;equatorial;equatorial
User 1000;14/06/2024;05:50;06:42;32.65;;R$ 00.00;R$ 00.00;R$ 00.00;9ef90cb8-7611-4bd9-bf30-72f254269763;2;Conector 2 - TYPE2CCS;60.00;Cartão;025826ed-6095-4ed8-8da2-a4afc7ef3177;Estação Eldorado do Sul;Eldorado do Sul;RS;equatorial;equatorial
User 1000;14/06/2024;05:06;12:49;26.95;;R$ 00.00;R$ 00.00;R$ 00.00;5723eecd-fdc4-4573-9807-42e35062f361;1;Conector 1 - TYPE2;44.00;Cartão;025826ed-6095-4ed8-8da2-a4afc7ef3177;Estação Eldorado do Sul;Eldorado do Sul;RS;equatorial;equatorial
User 1000;14/06/2024;05:06;05:46;24.30;;R$ 00.00;R$ 00.00;R$ 00.00;05520fc7-45be-4029-87d2-3f9fff2527c8;2;Conector 2 - TYPE2CCS;60.00;Cartão;025826ed-6095-4ed8-8da2-a4afc7ef3177;Estação Eldorado do Sul;Eldorado do Sul;RS;equatorial;equatorial
User 1000;14/06/2024;04:44;05:04;17.44;;R$ 00.00;R$ 00.00;R$ 00.00;1ee792d7-b7f8-4cf4-aea1-757799829bde;2;Conector 2 - TYPE2CCS;60.00;Cartão;025826ed-6095-4ed8-8da2-a4afc7ef3177;Estação Eldorado do Sul;Eldorado do Sul;RS;equatorial;equatorial
User 1000;14/06/2024;04:08;04:15;0.71;;R$ 00.00;R$ 00.00;R$ 00.00;72ad015f-5d6b-455c-9ad1-01c0867f1688;1;Conector 1 - TYPE2;44.00;Cartão;025826ed-6095-4ed8-8da2-a4afc7ef3177;Estação Eldorado do Sul;Eldorado do Sul;RS;equatorial;equatorial
User 1000;14/06/2024;04:07;04:07;0.06;;R$ 00.00;R$ 00.00;R$ 00.00;ad076043-0531-40ad-9b48-7235d62d3599;1;Conector 1 - TYPE2;44.00;Cartão;025826ed-6095-4ed8-8da2-a4afc7ef3177;Estação Eldorado do Sul;Eldorado do Sul;RS;equatorial;equatorial
User 1000;14/06/2024;03:33;04:44;28.25;;R$ 00.00;R$ 00.00;R$ 00.00;b7bee073-8acf-41ac-a50d-0bbc55333f3c;2;Conector 2 - TYPE2CCS;60.00;Cartão;025826ed-6095-4ed8-8da2-a4afc7ef3177;Estação Eldorado do Sul;Eldorado do Sul;RS;equatorial;equatorial
User 1000;14/06/2024;03:32;03:32;0.00;;R$ 0.00;R$ 00.00;R$ 0.00;5e8fb4e1-4584-441a-97c7-3a092d27a5bb;2;Conector 2 - TYPE2CCS;60.00;Cartão;025826ed-6095-4ed8-8da2-a4afc7ef3177;Estação Eldorado do Sul;Eldorado do Sul;RS;equatorial;equatorial
User 1000;14/06/2024;03:30;03:31;0.37;;R$ 00.00;R$ 00.00;R$ 00.00;d6d01980-a6c0-42ca-a207-1332c723eb07;2;Conector 2 - TYPE2CCS;60.00;Cartão;025826ed-6095-4ed8-8da2-a4afc7ef3177;Estação Eldorado do Sul;Eldorado do Sul;RS;equatorial;equatorial
User 1000;14/06/2024;03:21;03:29;3.55;;R$ 00.00;R$ 00.00;R$ 00.00;82eb540a-ed38-405e-9a55-024c8e0aec10;2;Conector 2 - TYPE2CCS;60.00;Cartão;025826ed-6095-4ed8-8da2-a4afc7ef3177;Estação Eldorado do Sul;Eldorado do Sul;RS;equatorial;equatorial
User 1000;14/06/2024;00:28;01:13;24.90;;R$ 00.00;R$ 00.00;R$ 00.00;eebdf0fa-5644-47c1-a70c-36a613eed51b;2;Conector 2 - TYPE2CCS;60.00;Cartão;025826ed-6095-4ed8-8da2-a4afc7ef3177;Estação Eldorado do Sul;Eldorado do Sul;RS;equatorial;equatorial
User 1000;13/06/2024;23:52;00:27;19.51;;R$ 00.00;R$ 00.00;R$ 00.00;5a1927cd-efaa-460e-afc8-3a1b6f9cea12;2;Conector 2 - TYPE2CCS;60.00;Cartão;025826ed-6095-4ed8-8da2-a4afc7ef3177;Estação Eldorado do Sul;Eldorado do Sul;RS;equatorial;equatorial
User 1000;13/06/2024;23:26;23:52;2.94;;R$ 00.00;R$ 00.00;R$ 00.00;f141411d-ffd7-4829-910b-7ff0c003dea3;1;Conector 1 - TYPE2;44.00;Cartão;025826ed-6095-4ed8-8da2-a4afc7ef3177;Estação Eldorado do Sul;Eldorado do Sul;RS;equatorial;equatorial
User 1000;13/06/2024;23:23;23:45;15.51;;R$ 00.00;R$ 00.00;R$ 00.00;1b3b6553-5fe0-4087-b80f-bc0b5d3594e9;2;Conector 2 - TYPE2CCS;60.00;Cartão;025826ed-6095-4ed8-8da2-a4afc7ef3177;Estação Eldorado do Sul;Eldorado do Sul;RS;equatorial;equatorial
User 1000;13/06/2024;21:31;21:56;19.61;;R$ 00.00;R$ 00.00;R$ 00.00;d1f6aa57-9eb8-4b70-b85c-0fc56b50ce66;2;Conector 2 - TYPE2CCS;60.00;Cartão;025826ed-6095-4ed8-8da2-a4afc7ef3177;Estação Eldorado do Sul;Eldorado do Sul;RS;equatorial;equatorial
User 1000;13/06/2024;18:56;19:34;31.53;;R$ 00.00;R$ 00.00;R$ 00.00;2e61df2a-2d3d-4004-849b-a433eeaef8ce;2;Conector 2 - TYPE2CCS;60.00;Cartão;025826ed-6095-4ed8-8da2-a4afc7ef3177;Estação Eldorado do Sul;Eldorado do Sul;RS;equatorial;equatorial
User 1000;13/06/2024;17:24;18:12;41.74;;R$ 00.00;R$ 00.00;R$ 00.00;4d6e9f53-e83b-4b32-b245-764d649e53e1;2;Conector 2 - TYPE2CCS;60.00;Cartão;025826ed-6095-4ed8-8da2-a4afc7ef3177;Estação Eldorado do Sul;Eldorado do Sul;RS;equatorial;equatorial
User 1000;13/06/2024;16:44;17:22;23.36;;R$ 00.00;R$ 00.00;R$ 00.00;b5b337cf-95af-440f-8f96-cc369405e978;2;Conector 2 - TYPE2CCS;60.00;Cartão;025826ed-6095-4ed8-8da2-a4afc7ef3177;Estação Eldorado do Sul;Eldorado do Sul;RS;equatorial;equatorial
User 1000;13/06/2024;14:50;15:45;34.80;;R$ 00.00;R$ 00.00;R$ 00.00;99b41902-c206-4534-b48f-2692f6149dd6;2;Conector 2 - TYPE2CCS;60.00;Cartão;025826ed-6095-4ed8-8da2-a4afc7ef3177;Estação Eldorado do Sul;Eldorado do Sul;RS;equatorial;equatorial
User 1000;13/06/2024;13:11;14:14;44.45;;R$ 00.00;R$ 00.00;R$ 00.00;ddce1b5a-6a0c-4090-b0f7-db4e5dec2dbc;2;Conector 2 - TYPE2CCS;60.00;Cartão;025826ed-6095-4ed8-8da2-a4afc7ef3177;Estação Eldorado do Sul;Eldorado do Sul;RS;equatorial;equatorial
User 1000;13/06/2024;12:17;13:08;26.12;;R$ 00.00;R$ 00.00;R$ 00.00;3e185427-32e2-4e13-aa1c-cc591d198744;2;Conector 2 - TYPE2CCS;60.00;Cartão;025826ed-6095-4ed8-8da2-a4afc7ef3177;Estação Eldorado do Sul;Eldorado do Sul;RS;equatorial;equatorial
User 1000;13/06/2024;10:14;10:40;16.54;;R$ 00.00;R$ 00.00;R$ 00.00;8858f9c4-01a9-442a-a099-f6e98e5e8bed;2;Conector 2 - TYPE2CCS;60.00;Cartão;025826ed-6095-4ed8-8da2-a4afc7ef3177;Estação Eldorado do Sul;Eldorado do Sul;RS;equatorial;equatorial
User 1000;13/06/2024;09:58;18:01;28.01;;R$ 00.00;R$ 00.00;R$ 00.00;cdec83e5-8ed1-4c71-9101-92d5cfbc2b8a;1;Conector 1 - TYPE2;44.00;Cartão;025826ed-6095-4ed8-8da2-a4afc7ef3177;Estação Eldorado do Sul;Eldorado do Sul;RS;equatorial;equatorial
User 1000;13/06/2024;05:30;06:27;37.51;;R$ 00.00;R$ 00.00;R$ 00.00;d8301384-dd59-4c53-a81b-52b967b36c38;2;Conector 2 - TYPE2CCS;60.00;Cartão;025826ed-6095-4ed8-8da2-a4afc7ef3177;Estação Eldorado do Sul;Eldorado do Sul;RS;equatorial;equatorial
User 1000;13/06/2024;04:27;05:27;42.22;;R$ 00.00;R$ 00.00;R$ 00.00;68494209-3de3-4740-9f00-de4e7cf5bc6b;2;Conector 2 - TYPE2CCS;60.00;Cartão;025826ed-6095-4ed8-8da2-a4afc7ef3177;Estação Eldorado do Sul;Eldorado do Sul;RS;equatorial;equatorial
User 1000;13/06/2024;03:14;04:14;41.34;;R$ 00.00;R$ 00.00;R$ 00.00;dfd28368-7042-493b-bbde-2fabe0e48ad0;2;Conector 2 - TYPE2CCS;60.00;Cartão;025826ed-6095-4ed8-8da2-a4afc7ef3177;Estação Eldorado do Sul;Eldorado do Sul;RS;equatorial;equatorial
User 1000;13/06/2024;02:47;09:51;24.88;;R$ 00.00;R$ 00.00;R$ 00.00;e5da71b2-9013-4ce7-b108-6ab1da526c15;1;Conector 1 - TYPE2;44.00;Cartão;025826ed-6095-4ed8-8da2-a4afc7ef3177;Estação Eldorado do Sul;Eldorado do Sul;RS;equatorial;equatorial
User 1000;13/06/2024;02:44;03:12;11.98;;R$ 00.00;R$ 00.00;R$ 00.00;7fc2b2be-3a91-482f-935a-fefa3ff13cb4;2;Conector 2 - TYPE2CCS;60.00;Cartão;025826ed-6095-4ed8-8da2-a4afc7ef3177;Estação Eldorado do Sul;Eldorado do Sul;RS;equatorial;equatorial
User 1000;13/06/2024;01:38;02:42;7.26;;R$ 00.00;R$ 00.00;R$ 00.00;e6e416fc-4646-421b-8da2-f0828493c1fa;1;Conector 1 - TYPE2;44.00;Cartão;025826ed-6095-4ed8-8da2-a4afc7ef3177;Estação Eldorado do Sul;Eldorado do Sul;RS;equatorial;equatorial
User 1000;13/06/2024;01:01;01:01;39.16;;R$ 0.00;R$ 00.00;R$ 0.00;4a61a911-47d2-4017-a808-d0354abda54f;2;Conector 2 - TYPE2CCS;60.00;Cartão;025826ed-6095-4ed8-8da2-a4afc7ef3177;Estação Eldorado do Sul;Eldorado do Sul;RS;equatorial;equatorial
User 1000;13/06/2024;01:00;01:01;0.00;;R$ 0.00;R$ 00.00;R$ 0.00;9adfd485-eaad-4568-8f20-a1817f603fb1;2;Conector 2 - TYPE2CCS;60.00;Cartão;025826ed-6095-4ed8-8da2-a4afc7ef3177;Estação Eldorado do Sul;Eldorado do Sul;RS;equatorial;equatorial
User 1000;13/06/2024;00:58;00:59;0.00;;R$ 0.00;R$ 00.00;R$ 0.00;d2001887-f4c5-464d-8579-c55c6a14b557;2;Conector 2 - TYPE2CCS;60.00;Cartão;025826ed-6095-4ed8-8da2-a4afc7ef3177;Estação Eldorado do Sul;Eldorado do Sul;RS;equatorial;equatorial
User 1000;13/06/2024;00:08;00:55;22.70;;R$ 00.00;R$ 00.00;R$ 00.00;46d2c057-66c2-4235-9782-521e9b3c10d5;2;Conector 2 - TYPE2CCS;60.00;Cartão;025826ed-6095-4ed8-8da2-a4afc7ef3177;Estação Eldorado do Sul;Eldorado do Sul;RS;equatorial;equatorial
User 1000;12/06/2024;21:51;23:10;0.00;;R$ 0.00;R$ 00.00;R$ 0.00;aa01d1a1-9265-49f9-a9be-1184d2a608be;2;Conector 2 - TYPE2CCS;60.00;Cartão;025826ed-6095-4ed8-8da2-a4afc7ef3177;Estação Eldorado do Sul;Eldorado do Sul;RS;equatorial;equatorial
User 1000;12/06/2024;21:30;21:40;0.00;;R$ 0.00;R$ 00.00;R$ 0.00;a8c5d142-fdf1-422a-b048-b58d21221d01;2;Conector 2 - TYPE2CCS;60.00;Cartão;025826ed-6095-4ed8-8da2-a4afc7ef3177;Estação Eldorado do Sul;Eldorado do Sul;RS;equatorial;equatorial
User 1000;12/06/2024;19:40;19:53;1.58;;R$ 00.00;R$ 00.00;R$ 00.00;73f49fdc-5b79-4fa3-944a-294e230ee147;1;Conector 1 - TYPE2;44.00;Cartão;025826ed-6095-4ed8-8da2-a4afc7ef3177;Estação Eldorado do Sul;Eldorado do Sul;RS;equatorial;equatorial
User 1000;12/06/2024;19:40;20:23;31.90;;R$ 00.00;R$ 00.00;R$ 00.00;4ff8c550-f36c-4929-be62-fe900e12abe2;2;Conector 2 - TYPE2CCS;60.00;Cartão;025826ed-6095-4ed8-8da2-a4afc7ef3177;Estação Eldorado do Sul;Eldorado do Sul;RS;equatorial;equatorial
User 1000;12/06/2024;18:44;19:37;0.00;;R$ 0.00;R$ 00.00;R$ 0.00;8ca76adf-d1b9-4960-8937-9ca1f5f23858;2;Conector 2 - TYPE2CCS;60.00;Cartão;025826ed-6095-4ed8-8da2-a4afc7ef3177;Estação Eldorado do Sul;Eldorado do Sul;RS;equatorial;equatorial
User 1000;12/06/2024;18:44;19:38;6.39;;R$ 00.00;R$ 00.00;R$ 00.00;f4b2283d-bf97-44c1-93cf-fd8e79bb4273;1;Conector 1 - TYPE2;44.00;Cartão;025826ed-6095-4ed8-8da2-a4afc7ef3177;Estação Eldorado do Sul;Eldorado do Sul;RS;equatorial;equatorial
User 1000;12/06/2024;18:32;18:42;4.12;;R$ 00.00;R$ 00.00;R$ 00.00;d41b56e1-befd-410d-bfbe-77b18ddfb149;2;Conector 2 - TYPE2CCS;60.00;Cartão;025826ed-6095-4ed8-8da2-a4afc7ef3177;Estação Eldorado do Sul;Eldorado do Sul;RS;equatorial;equatorial
User 1000;12/06/2024;17:51;18:20;26.88;;R$ 00.00;R$ 00.00;R$ 00.00;dd3003cd-717f-4759-8435-152c7a96c124;2;Conector 2 - TYPE2CCS;60.00;Cartão;025826ed-6095-4ed8-8da2-a4afc7ef3177;Estação Eldorado do Sul;Eldorado do Sul;RS;equatorial;equatorial
User 1000;12/06/2024;17:13;17:50;4.08;;R$ 00.00;R$ 00.00;R$ 00.00;3f3cd70c-d84d-49b2-8f59-f03973ce4ee6;1;Conector 1 - TYPE2;44.00;Cartão;025826ed-6095-4ed8-8da2-a4afc7ef3177;Estação Eldorado do Sul;Eldorado do Sul;RS;equatorial;equatorial
User 1000;12/06/2024;17:12;17:51;24.41;;R$ 00.00;R$ 00.00;R$ 00.00;4a82b5f5-e794-43cb-becc-5ed14cb9c207;2;Conector 2 - TYPE2CCS;60.00;Cartão;025826ed-6095-4ed8-8da2-a4afc7ef3177;Estação Eldorado do Sul;Eldorado do Sul;RS;equatorial;equatorial
User 1000;12/06/2024;16:20;17:11;8.46;;R$ 00.00;R$ 00.00;R$ 00.00;0ea2a3a2-5e3a-4358-af90-7df6ae261cca;1;Conector 1 - TYPE2;44.00;Cartão;025826ed-6095-4ed8-8da2-a4afc7ef3177;Estação Eldorado do Sul;Eldorado do Sul;RS;equatorial;equatorial
User 1000;12/06/2024;16:18;17:11;38.77;;R$ 00.00;R$ 00.00;R$ 00.00;0a5e07a6-8689-43fa-994b-d1a66c76cc03;2;Conector 2 - TYPE2CCS;60.00;Cartão;025826ed-6095-4ed8-8da2-a4afc7ef3177;Estação Eldorado do Sul;Eldorado do Sul;RS;equatorial;equatorial
User 1000;12/06/2024;15:21;16:16;10.08;;R$ 00.00;R$ 00.00;R$ 00.00;b95636b4-deb6-4ba5-bf8d-45c0e07906bf;1;Conector 1 - TYPE2;44.00;Cartão;025826ed-6095-4ed8-8da2-a4afc7ef3177;Estação Eldorado do Sul;Eldorado do Sul;RS;equatorial;equatorial
User 1000;12/06/2024;15:20;16:16;38.79;;R$ 00.00;R$ 00.00;R$ 00.00;a12793bf-1932-4722-a825-76fe1bee18c7;2;Conector 2 - TYPE2CCS;60.00;Cartão;025826ed-6095-4ed8-8da2-a4afc7ef3177;Estação Eldorado do Sul;Eldorado do Sul;RS;equatorial;equatorial
User 1000;12/06/2024;14:44;15:19;4.08;;R$ 00.00;R$ 00.00;R$ 00.00;2c7013ac-1f06-4658-baa1-01cd24c3f0df;1;Conector 1 - TYPE2;44.00;Cartão;025826ed-6095-4ed8-8da2-a4afc7ef3177;Estação Eldorado do Sul;Eldorado do Sul;RS;equatorial;equatorial
User 1000;12/06/2024;14:44;15:18;18.41;;R$ 00.00;R$ 00.00;R$ 00.00;24974242-701a-4820-9066-68e7019303a6;2;Conector 2 - TYPE2CCS;60.00;Cartão;025826ed-6095-4ed8-8da2-a4afc7ef3177;Estação Eldorado do Sul;Eldorado do Sul;RS;equatorial;equatorial
User 1000;12/06/2024;13:47;14:42;35.47;;R$ 00.00;R$ 00.00;R$ 00.00;a4bf2d3b-6d4b-4b51-ab58-eb32cec97e66;2;Conector 2 - TYPE2CCS;60.00;Cartão;025826ed-6095-4ed8-8da2-a4afc7ef3177;Estação Eldorado do Sul;Eldorado do Sul;RS;equatorial;equatorial
User 1000;12/06/2024;13:37;14:42;7.53;;R$ 00.00;R$ 00.00;R$ 00.00;6408c392-6d07-499c-ab7f-f5f0362862d3;1;Conector 1 - TYPE2;44.00;Cartão;025826ed-6095-4ed8-8da2-a4afc7ef3177;Estação Eldorado do Sul;Eldorado do Sul;RS;equatorial;equatorial
User 1000;12/06/2024;13:19;13:44;11.22;;R$ 00.00;R$ 00.00;R$ 00.00;a6bb80bb-7643-420d-858c-128d944197eb;2;Conector 2 - TYPE2CCS;60.00;Cartão;025826ed-6095-4ed8-8da2-a4afc7ef3177;Estação Eldorado do Sul;Eldorado do Sul;RS;equatorial;equatorial
User 1000;12/06/2024;12:58;13:19;2.33;;R$ 00.00;R$ 00.00;R$ 00.00;14d1fb46-d9c6-41bf-8563-9e6df65d4176;1;Conector 1 - TYPE2;44.00;Cartão;025826ed-6095-4ed8-8da2-a4afc7ef3177;Estação Eldorado do Sul;Eldorado do Sul;RS;equatorial;equatorial
User 1000;12/06/2024;12:14;13:18;48.44;;R$ 00.00;R$ 00.00;R$ 00.00;30382c27-bbaf-44d4-b885-deaec6425458;2;Conector 2 - TYPE2CCS;60.00;Cartão;025826ed-6095-4ed8-8da2-a4afc7ef3177;Estação Eldorado do Sul;Eldorado do Sul;RS;equatorial;equatorial
User 1000;12/06/2024;12:12;12:14;0.28;;R$ 00.00;R$ 00.00;R$ 00.00;7e9ad090-ecf5-4165-9c03-b178bfa0b5eb;1;Conector 1 - TYPE2;44.00;Cartão;025826ed-6095-4ed8-8da2-a4afc7ef3177;Estação Eldorado do Sul;Eldorado do Sul;RS;equatorial;equatorial
User 1000;12/06/2024;11:59;12:14;8.08;;R$ 00.00;R$ 00.00;R$ 00.00;37289781-ad67-4699-9bf6-625828238940;2;Conector 2 - TYPE2CCS;60.00;Cartão;025826ed-6095-4ed8-8da2-a4afc7ef3177;Estação Eldorado do Sul;Eldorado do Sul;RS;equatorial;equatorial
User 1000;12/06/2024;11:14;11:15;0.19;;R$ 00.00;R$ 00.00;R$ 00.00;bc9e67dc-6321-4ac0-9361-6a3e3fdb1bbf;1;Conector 1 - TYPE2;44.00;Cartão;025826ed-6095-4ed8-8da2-a4afc7ef3177;Estação Eldorado do Sul;Eldorado do Sul;RS;equatorial;equatorial
User 1000;12/06/2024;10:17;11:13;22.99;;R$ 00.00;R$ 00.00;R$ 00.00;f503113a-5f45-4698-9926-41de6811ca3e;2;Conector 2 - TYPE2CCS;60.00;Cartão;025826ed-6095-4ed8-8da2-a4afc7ef3177;Estação Eldorado do Sul;Eldorado do Sul;RS;equatorial;equatorial
User 1000;12/06/2024;05:11;06:08;36.61;;R$ 00.00;R$ 00.00;R$ 00.00;87a6284d-f092-42d2-bba7-cad3f58ea193;2;Conector 2 - TYPE2CCS;60.00;Cartão;025826ed-6095-4ed8-8da2-a4afc7ef3177;Estação Eldorado do Sul;Eldorado do Sul;RS;equatorial;equatorial
User 1000;12/06/2024;04:13;05:10;37.07;;R$ 00.00;R$ 00.00;R$ 00.00;20759f96-6ced-4de0-89c7-2de73673dc44;2;Conector 2 - TYPE2CCS;60.00;Cartão;025826ed-6095-4ed8-8da2-a4afc7ef3177;Estação Eldorado do Sul;Eldorado do Sul;RS;equatorial;equatorial
User 1000;12/06/2024;01:36;05:42;24.64;;R$ 00.00;R$ 00.00;R$ 00.00;20e5deff-2484-455f-bfde-571365bd673a;1;Conector 1 - TYPE2;44.00;Cartão;025826ed-6095-4ed8-8da2-a4afc7ef3177;Estação Eldorado do Sul;Eldorado do Sul;RS;equatorial;equatorial
User 1000;11/06/2024;23:46;00:03;5.05;;R$ 00.00;R$ 00.00;R$ 00.00;e7bd7614-b007-4379-ba17-ab7cfa84b359;2;Conector 2 - TYPE2CCS;60.00;Cartão;025826ed-6095-4ed8-8da2-a4afc7ef3177;Estação Eldorado do Sul;Eldorado do Sul;RS;equatorial;equatorial
User 1000;11/06/2024;23:09;23:09;13.76;;R$ 0.00;R$ 00.00;R$ 0.00;491ac85a-cbbd-409b-953b-434ff7214885;2;Conector 2 - TYPE2CCS;60.00;Cartão;025826ed-6095-4ed8-8da2-a4afc7ef3177;Estação Eldorado do Sul;Eldorado do Sul;RS;equatorial;equatorial
User 1000;11/06/2024;23:05;23:09;0.44;;R$ 00.00;R$ 00.00;R$ 00.00;904f73f5-d374-49dd-8140-2d82f0210f68;1;Conector 1 - TYPE2;44.00;Cartão;025826ed-6095-4ed8-8da2-a4afc7ef3177;Estação Eldorado do Sul;Eldorado do Sul;RS;equatorial;equatorial
User 1000;11/06/2024;22:42;23:09;12.38;;R$ 00.00;R$ 00.00;R$ 00.00;14bf245c-5e39-4b18-b574-a464bf78c9a9;2;Conector 2 - TYPE2CCS;60.00;Cartão;025826ed-6095-4ed8-8da2-a4afc7ef3177;Estação Eldorado do Sul;Eldorado do Sul;RS;equatorial;equatorial
User 1000;11/06/2024;21:26;21:36;7.33;;R$ 00.00;R$ 00.00;R$ 00.00;4ed2f45e-f9d9-4f84-b2b7-85059c10a07c;2;Conector 2 - TYPE2CCS;60.00;Cartão;025826ed-6095-4ed8-8da2-a4afc7ef3177;Estação Eldorado do Sul;Eldorado do Sul;RS;equatorial;equatorial
User 1000;11/06/2024;20:40;20:41;0.16;;R$ 00.00;R$ 00.00;R$ 00.00;41cc6768-c058-4243-a781-22f5634f16e0;1;Conector 1 - TYPE2;44.00;Cartão;025826ed-6095-4ed8-8da2-a4afc7ef3177;Estação Eldorado do Sul;Eldorado do Sul;RS;equatorial;equatorial
User 1000;11/06/2024;20:40;21:14;24.62;;R$ 00.00;R$ 00.00;R$ 00.00;aa750d56-4bdd-41e2-a5bb-6aebb51684ac;2;Conector 2 - TYPE2CCS;60.00;Cartão;025826ed-6095-4ed8-8da2-a4afc7ef3177;Estação Eldorado do Sul;Eldorado do Sul;RS;equatorial;equatorial
User 1000;11/06/2024;20:05;20:38;3.69;;R$ 00.00;R$ 00.00;R$ 00.00;dc1f72ce-0277-43f8-bb76-256ccf022ec8;1;Conector 1 - TYPE2;44.00;Cartão;025826ed-6095-4ed8-8da2-a4afc7ef3177;Estação Eldorado do Sul;Eldorado do Sul;RS;equatorial;equatorial
User 1000;11/06/2024;19:59;20:39;22.67;;R$ 00.00;R$ 00.00;R$ 00.00;f6c0b527-3329-4fe5-ae33-5cd28a9824d0;2;Conector 2 - TYPE2CCS;60.00;Cartão;025826ed-6095-4ed8-8da2-a4afc7ef3177;Estação Eldorado do Sul;Eldorado do Sul;RS;equatorial;equatorial
User 1000;11/06/2024;19:31;19:58;2.96;;R$ 00.00;R$ 00.00;R$ 00.00;efe5569c-fc1e-4395-a13e-c815c07a1cef;1;Conector 1 - TYPE2;44.00;Cartão;025826ed-6095-4ed8-8da2-a4afc7ef3177;Estação Eldorado do Sul;Eldorado do Sul;RS;equatorial;equatorial
User 1000;11/06/2024;19:28;19:57;24.34;;R$ 00.00;R$ 00.00;R$ 00.00;4fe23883-2510-414b-a736-99f6806e7d2e;2;Conector 2 - TYPE2CCS;60.00;Cartão;025826ed-6095-4ed8-8da2-a4afc7ef3177;Estação Eldorado do Sul;Eldorado do Sul;RS;equatorial;equatorial
User 1000;11/06/2024;18:25;19:01;23.92;;R$ 00.00;R$ 00.00;R$ 00.00;00f932a0-d167-459b-ac6f-627ab63d01b4;2;Conector 2 - TYPE2CCS;60.00;Cartão;025826ed-6095-4ed8-8da2-a4afc7ef3177;Estação Eldorado do Sul;Eldorado do Sul;RS;equatorial;equatorial
User 1000;11/06/2024;17:47;18:25;4.33;;R$ 00.00;R$ 00.00;R$ 00.00;d5121132-6f9a-4b01-8a5c-1e11fc1ffaea;1;Conector 1 - TYPE2;44.00;Cartão;025826ed-6095-4ed8-8da2-a4afc7ef3177;Estação Eldorado do Sul;Eldorado do Sul;RS;equatorial;equatorial
User 1000;11/06/2024;17:41;18:24;24.84;;R$ 00.00;R$ 00.00;R$ 00.00;5769cb68-7a23-4b9f-bfc9-c1984fbd30c0;2;Conector 2 - TYPE2CCS;60.00;Cartão;025826ed-6095-4ed8-8da2-a4afc7ef3177;Estação Eldorado do Sul;Eldorado do Sul;RS;equatorial;equatorial
User 1000;11/06/2024;16:52;17:23;5.26;;R$ 00.00;R$ 00.00;R$ 00.00;4f33a0f1-8bf0-4f5d-876a-ff8c3c7024aa;1;Conector 1 - TYPE2;44.00;Cartão;025826ed-6095-4ed8-8da2-a4afc7ef3177;Estação Eldorado do Sul;Eldorado do Sul;RS;equatorial;equatorial
User 1000;11/06/2024;16:49;17:41;32.24;;R$ 00.00;R$ 00.00;R$ 00.00;3de0c051-9315-450d-93db-7e7944b813b7;2;Conector 2 - TYPE2CCS;60.00;Cartão;025826ed-6095-4ed8-8da2-a4afc7ef3177;Estação Eldorado do Sul;Eldorado do Sul;RS;equatorial;equatorial
User 1000;11/06/2024;15:28;16:01;17.19;;R$ 00.00;R$ 00.00;R$ 00.00;9202d697-3e90-4902-8057-e12f2c4d4826;2;Conector 2 - TYPE2CCS;60.00;Cartão;025826ed-6095-4ed8-8da2-a4afc7ef3177;Estação Eldorado do Sul;Eldorado do Sul;RS;equatorial;equatorial
User 1000;11/06/2024;14:34;15:27;34.07;;R$ 00.00;R$ 00.00;R$ 00.00;e9df5b36-5d1a-4fb2-85af-1c43f849395d;2;Conector 2 - TYPE2CCS;60.00;Cartão;025826ed-6095-4ed8-8da2-a4afc7ef3177;Estação Eldorado do Sul;Eldorado do Sul;RS;equatorial;equatorial
User 1000;11/06/2024;14:06;15:28;9.26;;R$ 00.00;R$ 00.00;R$ 00.00;a85a51d0-c818-4340-a83a-7113ca1a51f1;1;Conector 1 - TYPE2;44.00;Cartão;025826ed-6095-4ed8-8da2-a4afc7ef3177;Estação Eldorado do Sul;Eldorado do Sul;RS;equatorial;equatorial
User 1000;11/06/2024;13:34;14:30;44.27;;R$ 00.00;R$ 00.00;R$ 00.00;0c12bc2a-3b5c-490e-a782-06a7c11fa119;2;Conector 2 - TYPE2CCS;60.00;Cartão;025826ed-6095-4ed8-8da2-a4afc7ef3177;Estação Eldorado do Sul;Eldorado do Sul;RS;equatorial;equatorial
User 1000;11/06/2024;13:29;13:33;0.65;;R$ 00.00;R$ 00.00;R$ 00.00;548aba61-7604-4d94-92fd-27d052c9ce79;1;Conector 1 - TYPE2;44.00;Cartão;025826ed-6095-4ed8-8da2-a4afc7ef3177;Estação Eldorado do Sul;Eldorado do Sul;RS;equatorial;equatorial
User 1000;11/06/2024;12:40;13:33;27.73;;R$ 00.00;R$ 00.00;R$ 00.00;b60f2d3b-51fc-4bc6-8521-18a5524248e9;2;Conector 2 - TYPE2CCS;60.00;Cartão;025826ed-6095-4ed8-8da2-a4afc7ef3177;Estação Eldorado do Sul;Eldorado do Sul;RS;equatorial;equatorial
